<?xml version="1.0" encoding="UTF-8"?>
<project-private xmlns="http://www.netbeans.org/ns/project-private/1">
    <editor-bookmarks xmlns="http://www.netbeans.org/ns/editor-bookmarks/2" lastBookmarkId="0"/>
    <open-files xmlns="http://www.netbeans.org/ns/projectui-open-files/2">
        <group>
            <file>file:/home/aluno/controle-versoes/banco-dados-carro/src/java/br/edu/ifsp/dao/PessoaDAO.java</file>
            <file>file:/home/aluno/controle-versoes/banco-dados-carro/web/WEB-INF/glassfish-resources.xml</file>
            <file>file:/home/aluno/controle-versoes/banco-dados-carro/web/WEB-INF/template.xhtml</file>
            <file>file:/home/aluno/controle-versoes/banco-dados-carro/src/java/br/edu/ifsp/controller/PessoaController.java</file>
            <file>file:/home/aluno/controle-versoes/banco-dados-carro/src/conf/persistence.xml</file>
            <file>file:/home/aluno/controle-versoes/banco-dados-carro/src/java/br/edu/ifsp/dao/ServicoDAO.java</file>
            <file>file:/home/aluno/controle-versoes/banco-dados-carro/src/java/br/edu/ifsp/controller/CarroController.java</file>
            <file>file:/home/aluno/controle-versoes/banco-dados-carro/src/java/br/edu/ifsp/pep/listener/Autorizacao.java</file>
            <file>file:/home/aluno/controle-versoes/banco-dados-carro/src/java/br/edu/ifsp/dao/CarroDAO.java</file>
            <file>file:/home/aluno/controle-versoes/banco-dados-carro/web/WEB-INF/faces-config.xml</file>
            <file>file:/home/aluno/controle-versoes/banco-dados-carro/web/index.xhtml</file>
            <file>file:/home/aluno/controle-versoes/banco-dados-carro/src/java/br/edu/ifsp/modelo/Carro.java</file>
            <file>file:/home/aluno/controle-versoes/banco-dados-carro/web/login.xhtml</file>
            <file>file:/home/aluno/controle-versoes/banco-dados-carro/web/cadCarro.xhtml</file>
            <file>file:/home/aluno/controle-versoes/banco-dados-carro/web/WEB-INF/web.xml</file>
            <file>file:/home/aluno/controle-versoes/banco-dados-carro/src/java/br/edu/ifsp/modelo/Pessoa.java</file>
        </group>
    </open-files>
</project-private>
