<?xml version="1.0" encoding="UTF-8"?>
<project-private xmlns="http://www.netbeans.org/ns/project-private/1">
    <editor-bookmarks xmlns="http://www.netbeans.org/ns/editor-bookmarks/2" lastBookmarkId="0"/>
    <open-files xmlns="http://www.netbeans.org/ns/projectui-open-files/2">
        <group>
            <file>file:/home/aluno/controle-versoes/phaselistener/src/conf/persistence.xml</file>
            <file>file:/home/aluno/controle-versoes/phaselistener/src/java/br/edu/ifsp/pep/controller/PessoaController.java</file>
            <file>file:/home/aluno/controle-versoes/phaselistener/web/WEB-INF/template.xhtml</file>
            <file>file:/home/aluno/controle-versoes/phaselistener/src/java/br/edu/ifsp/pep/listener/Autorizacao.java</file>
            <file>file:/home/aluno/controle-versoes/phaselistener/src/java/br/edu/ifsp/pep/model/Pessoa.java</file>
            <file>file:/home/aluno/controle-versoes/phaselistener/web/login.xhtml</file>
            <file>file:/home/aluno/controle-versoes/phaselistener/web/financeiro/list.xhtml</file>
            <file>file:/home/aluno/controle-versoes/phaselistener/src/java/br/edu/ifsp/pep/dao/PessoaDAO.java</file>
            <file>file:/home/aluno/controle-versoes/phaselistener/src/java/br/edu/ifsp/pep/model/NivelAcesso.java</file>
            <file>file:/home/aluno/controle-versoes/phaselistener/web/financeiro/create.xhtml</file>
            <file>file:/home/aluno/controle-versoes/phaselistener/web/index.xhtml</file>
        </group>
    </open-files>
</project-private>
