<?xml version="1.0" encoding="UTF-8"?>
<project-private xmlns="http://www.netbeans.org/ns/project-private/1">
    <editor-bookmarks xmlns="http://www.netbeans.org/ns/editor-bookmarks/2" lastBookmarkId="0"/>
    <open-files xmlns="http://www.netbeans.org/ns/projectui-open-files/2">
        <group>
            <file>file:/home/aluno/controle-versoes/Prova2/src/java/br/edu/ifsp/pep/dao/PaginaAcessoDAO.java</file>
            <file>file:/home/aluno/controle-versoes/Prova2/src/java/br/edu/ifsp/pep/model/PaginaAcesso.java</file>
            <file>file:/home/aluno/controle-versoes/Prova2/web/financeiro/create.xhtml</file>
            <file>file:/home/aluno/controle-versoes/Prova2/src/java/br/edu/ifsp/pep/listener/Autorizacao.java</file>
        </group>
    </open-files>
</project-private>
