<?xml version="1.0" encoding="UTF-8"?>
<project-private xmlns="http://www.netbeans.org/ns/project-private/1">
    <editor-bookmarks xmlns="http://www.netbeans.org/ns/editor-bookmarks/2" lastBookmarkId="0"/>
    <open-files xmlns="http://www.netbeans.org/ns/projectui-open-files/2">
        <group name="FP2"/>
        <group>
            <file>file:/home/aluno/Downloads/curso-produto/estado-cidades/web/index.xhtml</file>
            <file>file:/home/aluno/Downloads/curso-produto/estado-cidades/src/java/br/edu/ifsp/pep/controller/CidadeController.java</file>
            <file>file:/home/aluno/Downloads/curso-produto/estado-cidades/src/java/br/edu/ifsp/pep/converter/CidadeConverter.java</file>
        </group>
    </open-files>
</project-private>
